year,month,day,hour,sentiment,hourly_score,hourly_count,datetime
2009,4,7,5,1,0.647632026921201,64,2009-04-07 05:00:00
2009,4,7,5,0,-0.40446523275664625,17,2009-04-07 05:00:00
2009,4,7,6,0,-0.43247338705696164,20,2009-04-07 06:00:00
2009,4,7,6,1,0.6010633023226333,85,2009-04-07 06:00:00
2009,4,7,7,1,0.604386412268001,74,2009-04-07 07:00:00
2009,4,7,7,0,-0.3747279641063263,15,2009-04-07 07:00:00
2009,4,7,8,0,-0.35458866360464264,21,2009-04-07 08:00:00
2009,4,7,8,1,0.6137161426389447,65,2009-04-07 08:00:00
2009,4,7,9,1,0.6003446724369295,72,2009-04-07 09:00:00
2009,4,7,9,0,-0.4019464289303869,6,2009-04-07 09:00:00
2009,4,7,10,0,-0.3734272374034238,24,2009-04-07 10:00:00
2009,4,7,10,1,0.5912865409889492,80,2009-04-07 10:00:00
2009,4,7,11,0,-0.42971411123871806,30,2009-04-07 11:00:00
2009,4,7,11,1,0.6022457585663927,76,2009-04-07 11:00:00
2009,4,7,12,1,0.6391942736227065,61,2009-04-07 12:00:00
2009,4,7,12,0,-0.365707026491873,20,2009-04-07 12:00:00
2009,4,7,13,0,-0.43343259195777745,18,2009-04-07 13:00:00
2009,4,7,13,1,0.6231601356393507,62,2009-04-07 13:00:00
2009,4,7,14,0,-0.43363801130492774,28,2009-04-07 14:00:00
2009,4,7,14,1,0.5784498436765525,76,2009-04-07 14:00:00
2009,4,7,15,0,-0.39561230175766265,18,2009-04-07 15:00:00
2009,4,7,15,1,0.6409002961467565,59,2009-04-07 15:00:00
2009,4,18,3,0,-0.5531625039875507,2,2009-04-18 03:00:00
2009,4,18,3,1,0.584895746275673,34,2009-04-18 03:00:00
2009,4,18,4,1,0.645448799471763,76,2009-04-18 04:00:00
2009,4,18,4,0,-0.34593243727629835,11,2009-04-18 04:00:00
2009,4,18,5,0,-0.37217778246849775,6,2009-04-18 05:00:00
2009,4,18,5,1,0.6442148666207107,44,2009-04-18 05:00:00
2009,4,18,13,1,0.5609627993156513,6,2009-04-18 13:00:00
2009,4,18,13,0,-0.3350107166916132,5,2009-04-18 13:00:00
2009,4,18,14,1,0.6407199847484146,67,2009-04-18 14:00:00
2009,4,18,14,0,-0.4013672520813998,16,2009-04-18 14:00:00
2009,4,18,15,1,0.6198088942402149,79,2009-04-18 15:00:00
2009,4,18,15,0,-0.39505370057720157,14,2009-04-18 15:00:00
2009,4,18,16,1,0.6273335584535681,87,2009-04-18 16:00:00
2009,4,18,16,0,-0.4035174023093922,21,2009-04-18 16:00:00
2009,4,18,17,0,-0.36198576798455584,18,2009-04-18 17:00:00
2009,4,18,17,1,0.6322504874318838,65,2009-04-18 17:00:00
2009,4,18,20,0,-0.4710638392716646,14,2009-04-18 20:00:00
2009,4,18,20,1,0.6091570191069,57,2009-04-18 20:00:00
2009,4,18,21,1,0.6149586913306848,80,2009-04-18 21:00:00
2009,4,18,21,0,-0.35033933984814214,20,2009-04-18 21:00:00
2009,4,18,22,1,0.6321268847892306,76,2009-04-18 22:00:00
2009,4,18,22,0,-0.38465272622286445,18,2009-04-18 22:00:00
2009,4,18,23,0,-0.4552354631679399,14,2009-04-18 23:00:00
2009,4,18,23,1,0.6308907376210713,44,2009-04-18 23:00:00
2009,4,19,0,0,-0.46740832924842834,3,2009-04-19 00:00:00
2009,4,19,0,1,0.6626511754403854,29,2009-04-19 00:00:00
2009,4,19,3,1,0.6210296028645111,53,2009-04-19 03:00:00
2009,4,19,3,0,-0.22022314124148,11,2009-04-19 03:00:00
2009,4,19,4,0,-0.3835319875312659,18,2009-04-19 04:00:00
2009,4,19,4,1,0.5956485861578933,81,2009-04-19 04:00:00
2009,4,19,5,1,0.6140741958575726,97,2009-04-19 05:00:00
2009,4,19,5,0,-0.383603188839248,17,2009-04-19 05:00:00
2009,4,19,6,1,0.6212747732186978,97,2009-04-19 06:00:00
2009,4,19,6,0,-0.3189227745771922,29,2009-04-19 06:00:00
2009,4,19,7,1,0.6334347688982765,89,2009-04-19 07:00:00
2009,4,19,7,0,-0.4880921908188611,16,2009-04-19 07:00:00
2009,4,19,8,1,0.6156108667058612,90,2009-04-19 08:00:00
2009,4,19,8,0,-0.40594947770504014,14,2009-04-19 08:00:00
2009,4,19,9,1,0.5977179511432706,93,2009-04-19 09:00:00
2009,4,19,9,0,-0.3793395599350333,18,2009-04-19 09:00:00
2009,4,19,10,0,-0.36191668664105237,16,2009-04-19 10:00:00
2009,4,19,10,1,0.6290044551331769,85,2009-04-19 10:00:00
2009,4,19,11,0,-0.3980893737033886,17,2009-04-19 11:00:00
2009,4,19,11,1,0.6305431867197816,96,2009-04-19 11:00:00
2009,4,19,12,1,0.6197697168565355,80,2009-04-19 12:00:00
2009,4,19,12,0,-0.3530450034420937,10,2009-04-19 12:00:00
2009,4,19,13,0,-0.33410575582335394,18,2009-04-19 13:00:00
2009,4,19,13,1,0.6461017858827303,71,2009-04-19 13:00:00
2009,4,19,14,1,0.6048636886045197,53,2009-04-19 14:00:00
2009,4,19,14,0,-0.42761015313628475,19,2009-04-19 14:00:00
2009,4,19,15,1,0.6440542847007358,75,2009-04-19 15:00:00
2009,4,19,15,0,-0.2785269242639725,13,2009-04-19 15:00:00
2009,4,19,16,0,-0.4039227463727002,32,2009-04-19 16:00:00
2009,4,19,16,1,0.6310045368948897,85,2009-04-19 16:00:00
2009,4,19,17,0,-0.34951792024075984,20,2009-04-19 17:00:00
2009,4,19,17,1,0.6208935043076054,80,2009-04-19 17:00:00
2009,4,19,18,1,0.6079811294483799,91,2009-04-19 18:00:00
2009,4,19,18,0,-0.3911741480603814,25,2009-04-19 18:00:00
2009,4,19,19,0,-0.4394947748764285,14,2009-04-19 19:00:00
2009,4,19,19,1,0.6388032412777345,60,2009-04-19 19:00:00
2009,4,20,2,1,0.47573124601816136,6,2009-04-20 02:00:00
2009,4,20,5,1,0.6382394923398701,13,2009-04-20 05:00:00
2009,4,20,5,0,-0.4971577003598213,3,2009-04-20 05:00:00
2009,4,20,6,0,-0.40183864215699333,24,2009-04-20 06:00:00
2009,4,20,6,1,0.6364686728653347,74,2009-04-20 06:00:00
2009,4,20,7,1,0.560677545121871,75,2009-04-20 07:00:00
2009,4,20,7,0,-0.3896691215923056,18,2009-04-20 07:00:00
2009,4,20,8,0,-0.4373015661840327,16,2009-04-20 08:00:00
2009,4,20,8,1,0.5788436116242449,73,2009-04-20 08:00:00
2009,4,20,9,1,0.6247408300029257,65,2009-04-20 09:00:00
2009,4,20,9,0,-0.44075890174625737,19,2009-04-20 09:00:00
2009,4,20,10,1,0.5943907215024191,79,2009-04-20 10:00:00
2009,4,20,10,0,-0.3286854438705459,21,2009-04-20 10:00:00
2009,4,20,11,0,-0.3258592776352695,18,2009-04-20 11:00:00
2009,4,20,11,1,0.6345771171702612,69,2009-04-20 11:00:00
2009,4,20,12,0,-0.3758439966177027,31,2009-04-20 12:00:00
2009,4,20,12,1,0.5933417036397649,70,2009-04-20 12:00:00
2009,4,20,13,0,-0.4141841844123389,21,2009-04-20 13:00:00
2009,4,20,13,1,0.5844581832322453,58,2009-04-20 13:00:00
2009,4,20,14,1,0.6134485389131491,73,2009-04-20 14:00:00
2009,4,20,14,0,-0.3499185914317003,26,2009-04-20 14:00:00
2009,4,20,15,0,-0.5144625082612038,1,2009-04-20 15:00:00
2009,4,20,15,1,0.5721229944378138,10,2009-04-20 15:00:00
2009,4,21,5,0,-0.21750214733183384,5,2009-04-21 05:00:00
2009,4,21,5,1,0.6095777622764357,26,2009-04-21 05:00:00
2009,4,21,6,1,0.6232436471128104,70,2009-04-21 06:00:00
2009,4,21,6,0,-0.3748093273709802,34,2009-04-21 06:00:00
2009,4,21,7,0,-0.36388009017252404,23,2009-04-21 07:00:00
2009,4,21,7,1,0.5914411620420574,71,2009-04-21 07:00:00
2009,4,21,8,0,-0.36736306758891596,19,2009-04-21 08:00:00
2009,4,21,8,1,0.6404553660346816,60,2009-04-21 08:00:00
2009,4,21,9,0,-0.35415247157216073,15,2009-04-21 09:00:00
2009,4,21,9,1,0.621536566899158,60,2009-04-21 09:00:00
2009,4,21,10,1,0.6536647317439525,72,2009-04-21 10:00:00
2009,4,21,10,0,-0.2764204256236553,16,2009-04-21 10:00:00
2009,4,21,11,1,0.6400021153084677,29,2009-04-21 11:00:00
2009,5,2,3,1,0.642078401082401,77,2009-05-02 03:00:00
2009,5,2,3,0,-0.38349494484386276,14,2009-05-02 03:00:00
2009,5,2,4,1,0.6379181010582086,91,2009-05-02 04:00:00
2009,5,2,4,0,-0.36775750257074835,10,2009-05-02 04:00:00
2009,5,2,5,1,0.6333279465040078,98,2009-05-02 05:00:00
2009,5,2,5,0,-0.3828347168490291,25,2009-05-02 05:00:00
2009,5,2,6,0,-0.43586870217695833,10,2009-05-02 06:00:00
2009,5,2,6,1,0.6287174660147742,94,2009-05-02 06:00:00
2009,5,2,7,0,-0.376261419289568,21,2009-05-02 07:00:00
2009,5,2,7,1,0.63019566429596,112,2009-05-02 07:00:00
2009,5,2,8,1,0.6235450534881758,70,2009-05-02 08:00:00
2009,5,2,8,0,-0.3982980625703931,20,2009-05-02 08:00:00
2009,5,2,9,0,-0.3564951395873274,19,2009-05-02 09:00:00
2009,5,2,9,1,0.6116695742097275,82,2009-05-02 09:00:00
2009,5,2,10,0,-0.38408812768757344,10,2009-05-02 10:00:00
2009,5,2,10,1,0.6097393748951295,62,2009-05-02 10:00:00
2009,5,2,11,0,-0.3040149454914388,21,2009-05-02 11:00:00
2009,5,2,11,1,0.6163589458126808,80,2009-05-02 11:00:00
2009,5,2,12,0,-0.32160008835074094,21,2009-05-02 12:00:00
2009,5,2,12,1,0.6014854311628418,74,2009-05-02 12:00:00
2009,5,2,13,0,-0.3754769363440573,21,2009-05-02 13:00:00
2009,5,2,13,1,0.5985287822298454,74,2009-05-02 13:00:00
2009,5,2,14,1,0.6143397566062422,78,2009-05-02 14:00:00
2009,5,2,14,0,-0.4153812536969781,16,2009-05-02 14:00:00
2009,5,2,15,1,0.6215996352477452,74,2009-05-02 15:00:00
2009,5,2,15,0,-0.3865344504137402,23,2009-05-02 15:00:00
2009,5,2,16,0,-0.3523484435863793,9,2009-05-02 16:00:00
2009,5,2,16,1,0.652420217651994,31,2009-05-02 16:00:00
2009,5,2,17,1,0.6382566410121858,93,2009-05-02 17:00:00
2009,5,2,17,0,-0.3638551988578574,27,2009-05-02 17:00:00
2009,5,2,18,1,0.6131194871938173,53,2009-05-02 18:00:00
2009,5,2,18,0,-0.4413545504635708,11,2009-05-02 18:00:00
2009,5,2,19,0,-0.4345291694626212,12,2009-05-02 19:00:00
2009,5,2,19,1,0.6531062352327773,65,2009-05-02 19:00:00
2009,5,2,20,0,-0.37723437789827585,8,2009-05-02 20:00:00
2009,5,2,20,1,0.6154784266657841,26,2009-05-02 20:00:00
2009,5,3,4,1,0.6396015226297701,12,2009-05-03 04:00:00
2009,5,3,5,0,-0.36848661296867896,14,2009-05-03 05:00:00
2009,5,3,5,1,0.6280227891316086,108,2009-05-03 05:00:00
2009,5,3,6,1,0.5999066033857126,102,2009-05-03 06:00:00
2009,5,3,6,0,-0.30560017203623874,21,2009-05-03 06:00:00
2009,5,3,7,0,-0.3956482158142275,28,2009-05-03 07:00:00
2009,5,3,7,1,0.5791841573596304,86,2009-05-03 07:00:00
2009,5,3,8,1,0.564948427767929,79,2009-05-03 08:00:00
2009,5,3,8,0,-0.384500003546815,22,2009-05-03 08:00:00
2009,5,3,9,0,-0.4015976569207851,16,2009-05-03 09:00:00
2009,5,3,9,1,0.5981118505655836,77,2009-05-03 09:00:00
2009,5,3,10,0,-0.34521176772849527,17,2009-05-03 10:00:00
2009,5,3,10,1,0.6211227196111501,77,2009-05-03 10:00:00
2009,5,3,11,0,-0.4087404034100473,15,2009-05-03 11:00:00
2009,5,3,11,1,0.6176351351595875,62,2009-05-03 11:00:00
2009,5,3,12,0,-0.3838794051979979,15,2009-05-03 12:00:00
2009,5,3,12,1,0.6360117653534055,78,2009-05-03 12:00:00
2009,5,3,13,0,-0.42829712480306625,27,2009-05-03 13:00:00
2009,5,3,13,1,0.6384823478107468,88,2009-05-03 13:00:00
2009,5,3,14,0,-0.40237607427305827,23,2009-05-03 14:00:00
2009,5,3,14,1,0.6273074967754182,86,2009-05-03 14:00:00
2009,5,3,15,0,-0.3927568604906454,23,2009-05-03 15:00:00
2009,5,3,15,1,0.5857185718830292,78,2009-05-03 15:00:00
2009,5,3,16,1,0.6231123019765036,78,2009-05-03 16:00:00
2009,5,3,16,0,-0.393784578545424,23,2009-05-03 16:00:00
2009,5,3,17,0,-0.27883259108057246,8,2009-05-03 17:00:00
2009,5,3,17,1,0.6127557800127528,39,2009-05-03 17:00:00
2009,5,3,18,0,-0.4418624974787235,1,2009-05-03 18:00:00
2009,5,3,18,1,0.5588767880108207,8,2009-05-03 18:00:00
2009,5,3,19,1,0.6549326670910454,42,2009-05-03 19:00:00
2009,5,3,19,0,-0.26580290438141674,8,2009-05-03 19:00:00
2009,5,3,23,1,0.6226193003685159,68,2009-05-03 23:00:00
2009,5,3,23,0,-0.4082792945264373,24,2009-05-03 23:00:00
2009,5,4,0,1,0.6110511429142207,85,2009-05-04 00:00:00
2009,5,4,0,0,-0.3244669672388297,26,2009-05-04 00:00:00
2009,5,4,1,1,0.6451066607382687,57,2009-05-04 01:00:00
2009,5,4,1,0,-0.2553900003898889,10,2009-05-04 01:00:00
2009,5,4,2,0,-0.41203822394494305,33,2009-05-04 02:00:00
2009,5,4,2,1,0.6072094447926077,118,2009-05-04 02:00:00
2009,5,4,3,1,0.6292173057550653,105,2009-05-04 03:00:00
2009,5,4,3,0,-0.3668055294436358,21,2009-05-04 03:00:00
2009,5,4,4,1,0.6114378169368844,103,2009-05-04 04:00:00
2009,5,4,4,0,-0.35733493021689355,14,2009-05-04 04:00:00
2009,5,4,5,0,-0.3668952801434154,22,2009-05-04 05:00:00
2009,5,4,5,1,0.6435627836071944,88,2009-05-04 05:00:00
2009,5,4,6,1,0.6176129631311088,77,2009-05-04 06:00:00
2009,5,4,6,0,-0.31540002568195075,26,2009-05-04 06:00:00
2009,5,4,7,1,0.6206621601027162,85,2009-05-04 07:00:00
2009,5,4,7,0,-0.4272805927321315,19,2009-05-04 07:00:00
2009,5,4,8,1,0.6214523029921111,73,2009-05-04 08:00:00
2009,5,4,8,0,-0.36193131578953136,28,2009-05-04 08:00:00
2009,5,4,9,0,-0.39355255985124543,11,2009-05-04 09:00:00
2009,5,4,9,1,0.6179460918099912,67,2009-05-04 09:00:00
2009,5,4,10,1,0.6089401771831844,63,2009-05-04 10:00:00
2009,5,4,10,0,-0.3961421089786056,19,2009-05-04 10:00:00
2009,5,4,11,1,0.6106802761787549,63,2009-05-04 11:00:00
2009,5,4,11,0,-0.40512466682121157,30,2009-05-04 11:00:00
2009,5,4,12,1,0.6384956612361267,68,2009-05-04 12:00:00
2009,5,4,12,0,-0.4114524569983284,24,2009-05-04 12:00:00
2009,5,4,13,1,0.6258084216671882,82,2009-05-04 13:00:00
2009,5,4,13,0,-0.33835956010174145,27,2009-05-04 13:00:00
2009,5,4,14,0,-0.3752247205702588,22,2009-05-04 14:00:00
2009,5,4,14,1,0.6287005484355466,63,2009-05-04 14:00:00
2009,5,10,1,1,0.5991307913791388,75,2009-05-10 01:00:00
2009,5,10,1,0,-0.4389776127556196,13,2009-05-10 01:00:00
2009,5,10,2,1,0.642445168865913,109,2009-05-10 02:00:00
2009,5,10,2,0,-0.40458198162642395,22,2009-05-10 02:00:00
2009,5,10,3,0,-0.35927860047323285,27,2009-05-10 03:00:00
2009,5,10,3,1,0.6277859417311294,101,2009-05-10 03:00:00
2009,5,10,4,0,-0.4310592640346537,18,2009-05-10 04:00:00
2009,5,10,4,1,0.6419585775386493,112,2009-05-10 04:00:00
2009,5,10,5,1,0.6397643560222128,126,2009-05-10 05:00:00
2009,5,10,5,0,-0.34306216493132524,16,2009-05-10 05:00:00
2009,5,10,6,0,-0.34709409969703603,24,2009-05-10 06:00:00
2009,5,10,6,1,0.6474353251921123,101,2009-05-10 06:00:00
2009,5,10,7,1,0.6835749960528352,117,2009-05-10 07:00:00
2009,5,10,7,0,-0.35514725607712394,13,2009-05-10 07:00:00
2009,5,10,8,1,0.6541539733811482,72,2009-05-10 08:00:00
2009,5,10,8,0,-0.3630123966881497,22,2009-05-10 08:00:00
2009,5,10,9,0,-0.39571910225786266,20,2009-05-10 09:00:00
2009,5,10,9,1,0.6532092870584165,72,2009-05-10 09:00:00
2009,5,10,10,1,0.6450287481375898,78,2009-05-10 10:00:00
2009,5,10,10,0,-0.33080428242101334,17,2009-05-10 10:00:00
2009,5,10,11,1,0.6603295502665621,88,2009-05-10 11:00:00
2009,5,10,11,0,-0.3705387313125862,18,2009-05-10 11:00:00
2009,5,10,12,0,-0.41410315507913337,17,2009-05-10 12:00:00
2009,5,10,12,1,0.6624805958902774,96,2009-05-10 12:00:00
2009,5,10,13,0,-0.3823036727262661,12,2009-05-10 13:00:00
2009,5,10,13,1,0.6715259937994668,92,2009-05-10 13:00:00
2009,5,10,14,0,-0.3687625045829918,20,2009-05-10 14:00:00
2009,5,10,14,1,0.6583904484077618,89,2009-05-10 14:00:00
2009,5,10,15,0,-0.3690179591487524,18,2009-05-10 15:00:00
2009,5,10,15,1,0.6577303010415783,91,2009-05-10 15:00:00
2009,5,10,16,0,-0.29313898959662765,8,2009-05-10 16:00:00
2009,5,10,16,1,0.6635683103497806,105,2009-05-10 16:00:00
2009,5,10,17,1,0.6984556303001367,13,2009-05-10 17:00:00
2009,5,10,17,0,-0.3332125023007393,1,2009-05-10 17:00:00
2009,5,11,1,0,-0.40535405271997055,15,2009-05-11 01:00:00
2009,5,11,1,1,0.685775582588488,62,2009-05-11 01:00:00
2009,5,11,2,0,-0.3385442968923599,25,2009-05-11 02:00:00
2009,5,11,2,1,0.642184516442731,106,2009-05-11 02:00:00
2009,5,11,3,1,0.6154014696206512,116,2009-05-11 03:00:00
2009,5,11,3,0,-0.36947510205209255,37,2009-05-11 03:00:00
2009,5,11,4,0,-0.40751411227392964,12,2009-05-11 04:00:00
2009,5,11,4,1,0.6225105105408442,37,2009-05-11 04:00:00
2009,5,12,4,1,0.6679634098312818,50,2009-05-12 04:00:00
2009,5,12,4,0,-0.3743192391470075,10,2009-05-12 04:00:00
2009,5,12,5,1,0.616267958674266,89,2009-05-12 05:00:00
2009,5,12,5,0,-0.3756509401303317,14,2009-05-12 05:00:00
2009,5,12,6,1,0.6816591600541987,62,2009-05-12 06:00:00
2009,5,12,6,0,-0.41214841573188704,18,2009-05-12 06:00:00
2009,5,14,3,0,-0.2364750027190894,10,2009-05-14 03:00:00
2009,5,14,3,1,0.5750667324856572,23,2009-05-14 03:00:00
2009,5,14,4,1,0.6591438431128421,34,2009-05-14 04:00:00
2009,5,14,4,0,-0.43689854914555326,8,2009-05-14 04:00:00
2009,5,14,5,1,0.5841685850173235,41,2009-05-14 05:00:00
2009,5,14,5,0,-0.24795208460030457,6,2009-05-14 05:00:00
2009,5,14,6,0,-0.4086288895238848,17,2009-05-14 06:00:00
2009,5,14,6,1,0.622417937382843,81,2009-05-14 06:00:00
2009,5,14,7,0,-0.4196525530091354,21,2009-05-14 07:00:00
2009,5,14,7,1,0.6540801395340601,84,2009-05-14 07:00:00
2009,5,14,8,0,-0.39599927390227097,20,2009-05-14 08:00:00
2009,5,14,8,1,0.5878660879291905,84,2009-05-14 08:00:00
2009,5,14,9,0,-0.4290430333318287,19,2009-05-14 09:00:00
2009,5,14,9,1,0.5968526200823752,70,2009-05-14 09:00:00
2009,5,14,10,0,-0.4364025510315384,21,2009-05-14 10:00:00
2009,5,14,10,1,0.6143051798291066,85,2009-05-14 10:00:00
2009,5,14,11,1,0.6397229600157256,56,2009-05-14 11:00:00
2009,5,14,11,0,-0.45136316091214357,19,2009-05-14 11:00:00
2009,5,14,12,1,0.6211037148072917,70,2009-05-14 12:00:00
2009,5,14,12,0,-0.37077697671272536,22,2009-05-14 12:00:00
2009,5,14,13,1,0.5881142688635737,75,2009-05-14 13:00:00
2009,5,14,13,0,-0.34139090929966187,24,2009-05-14 13:00:00
2009,5,14,14,1,0.6299315665437953,74,2009-05-14 14:00:00
2009,5,14,14,0,-0.36124851169006433,16,2009-05-14 14:00:00
2009,5,14,15,0,-0.35518194570775247,18,2009-05-14 15:00:00
2009,5,14,15,1,0.6463638239128645,43,2009-05-14 15:00:00
2009,5,14,16,1,0.5477812495082617,4,2009-05-14 16:00:00
2009,5,14,16,0,-0.41100000590085983,1,2009-05-14 16:00:00
2009,5,14,17,0,-0.3422025052830577,5,2009-05-14 17:00:00
2009,5,14,17,1,0.5979813916365737,23,2009-05-14 17:00:00
2009,5,17,2,0,-0.3106413500634237,13,2009-05-17 02:00:00
2009,5,17,2,1,0.6120541940291165,49,2009-05-17 02:00:00
2009,5,17,3,1,0.6396908928538756,101,2009-05-17 03:00:00
2009,5,17,3,0,-0.3977351827003683,24,2009-05-17 03:00:00
2009,5,17,4,0,-0.35765864759344945,22,2009-05-17 04:00:00
2009,5,17,4,1,0.6517489400246869,92,2009-05-17 04:00:00
2009,5,17,5,1,0.6324251160340741,99,2009-05-17 05:00:00
2009,5,17,5,0,-0.38966444360134617,22,2009-05-17 05:00:00
2009,5,17,6,0,-0.3442163885269752,17,2009-05-17 06:00:00
2009,5,17,6,1,0.6568829516334901,76,2009-05-17 06:00:00
2009,5,17,7,0,-0.39848561108440417,11,2009-05-17 07:00:00
2009,5,17,7,1,0.6671359542640858,100,2009-05-17 07:00:00
2009,5,17,8,1,0.6040529237934313,93,2009-05-17 08:00:00
2009,5,17,8,0,-0.39572203910464177,23,2009-05-17 08:00:00
2009,5,17,9,1,0.6443039645785338,73,2009-05-17 09:00:00
2009,5,17,9,0,-0.36157038224566923,19,2009-05-17 09:00:00
2009,5,17,10,1,0.6136207161011001,86,2009-05-17 10:00:00
2009,5,17,10,0,-0.3336372698414261,23,2009-05-17 10:00:00
2009,5,17,11,0,-0.32014325889758766,18,2009-05-17 11:00:00
2009,5,17,11,1,0.6430226668684084,89,2009-05-17 11:00:00
2009,5,17,12,1,0.6402086595616614,75,2009-05-17 12:00:00
2009,5,17,12,0,-0.414608930866234,20,2009-05-17 12:00:00
2009,5,17,13,1,0.6219863429080782,86,2009-05-17 13:00:00
2009,5,17,13,0,-0.39964261529449785,18,2009-05-17 13:00:00
2009,5,17,14,1,0.5940554174034609,79,2009-05-17 14:00:00
2009,5,17,14,0,-0.42640439929583895,26,2009-05-17 14:00:00
2009,5,17,15,1,0.6002943911957309,57,2009-05-17 15:00:00
2009,5,17,15,0,-0.4041303605107324,14,2009-05-17 15:00:00
2009,5,17,16,1,0.6145983811552551,55,2009-05-17 16:00:00
2009,5,17,16,0,-0.3318419634985427,12,2009-05-17 16:00:00
2009,5,17,17,1,0.6266506043759486,225,2009-05-17 17:00:00
2009,5,17,17,0,-0.3812096060340314,43,2009-05-17 17:00:00
2009,5,17,18,0,-0.33925173220706123,59,2009-05-17 18:00:00
2009,5,17,18,1,0.6359379448567555,405,2009-05-17 18:00:00
2009,5,17,19,1,0.6430815583700314,25,2009-05-17 19:00:00
2009,5,17,19,0,0.0,2,2009-05-17 19:00:00
2009,5,18,0,1,0.6009768524042253,12,2009-05-18 00:00:00
2009,5,18,0,0,-0.5660624988377094,2,2009-05-18 00:00:00
2009,5,18,1,1,0.6473627424789951,52,2009-05-18 01:00:00
2009,5,18,1,0,-0.2582196369767189,2,2009-05-18 01:00:00
2009,5,18,2,1,0.6997975021600723,5,2009-05-18 02:00:00
2009,5,18,3,1,0.699323921700742,33,2009-05-18 03:00:00
2009,5,18,3,0,-0.23021898744627833,3,2009-05-18 03:00:00
2009,5,18,4,0,-0.3037913473896109,13,2009-05-18 04:00:00
2009,5,18,4,1,0.6310573240924795,72,2009-05-18 04:00:00
2009,5,18,5,0,-0.3317390329736684,7,2009-05-18 05:00:00
2009,5,18,5,1,0.6071609680407813,56,2009-05-18 05:00:00
2009,5,18,6,1,0.6259659147727188,178,2009-05-18 06:00:00
2009,5,18,6,0,-0.34423686281490307,34,2009-05-18 06:00:00
2009,5,18,7,0,-0.3445025768094495,51,2009-05-18 07:00:00
2009,5,18,7,1,0.6297423179172155,197,2009-05-18 07:00:00
2009,5,18,8,1,0.643540697231947,160,2009-05-18 08:00:00
2009,5,18,8,0,-0.3350834332341037,40,2009-05-18 08:00:00
2009,5,18,9,0,-0.3802988583035767,25,2009-05-18 09:00:00
2009,5,18,9,1,0.6338345377998603,148,2009-05-18 09:00:00
2009,5,18,10,0,-0.37589881453867546,41,2009-05-18 10:00:00
2009,5,18,10,1,0.6151233764442926,144,2009-05-18 10:00:00
2009,5,18,11,1,0.5885918275687282,179,2009-05-18 11:00:00
2009,5,18,11,0,-0.41599464488860505,65,2009-05-18 11:00:00
2009,5,18,12,1,0.6189048089700511,163,2009-05-18 12:00:00
2009,5,18,12,0,-0.404233427266053,52,2009-05-18 12:00:00
2009,5,18,13,0,-0.40601334088008667,61,2009-05-18 13:00:00
2009,5,18,13,1,0.6167145089491417,190,2009-05-18 13:00:00
2009,5,18,14,1,0.5854209391972647,181,2009-05-18 14:00:00
2009,5,18,14,0,-0.40877874124000024,59,2009-05-18 14:00:00
2009,5,18,15,0,-0.46041894399306993,11,2009-05-18 15:00:00
2009,5,18,15,1,0.6133894226513803,26,2009-05-18 15:00:00
2009,5,22,6,0,-0.32766988981430506,22,2009-05-22 06:00:00
2009,5,22,6,1,0.6300789510118009,79,2009-05-22 06:00:00
2009,5,22,7,1,0.6281293487631688,170,2009-05-22 07:00:00
2009,5,22,7,0,-0.3515580665976317,22,2009-05-22 07:00:00
2009,5,22,8,0,-0.3852103229303769,37,2009-05-22 08:00:00
2009,5,22,8,1,0.6370693100825287,156,2009-05-22 08:00:00
2009,5,22,9,1,0.6267151542713386,167,2009-05-22 09:00:00
2009,5,22,9,0,-0.37543529918831253,27,2009-05-22 09:00:00
2009,5,22,10,1,0.6116054668310005,149,2009-05-22 10:00:00
2009,5,22,10,0,-0.3673441307115796,37,2009-05-22 10:00:00
2009,5,22,11,1,0.6101668018576069,162,2009-05-22 11:00:00
2009,5,22,11,0,-0.3449256767082261,30,2009-05-22 11:00:00
2009,5,22,12,0,-0.3651583055236741,46,2009-05-22 12:00:00
2009,5,22,12,1,0.6173447907902301,210,2009-05-22 12:00:00
2009,5,22,13,1,0.6380942957461789,208,2009-05-22 13:00:00
2009,5,22,13,0,-0.3868655950490696,45,2009-05-22 13:00:00
2009,5,22,14,1,0.6426557047671672,199,2009-05-22 14:00:00
2009,5,22,14,0,-0.39750976250608167,46,2009-05-22 14:00:00
2009,5,22,15,0,-0.3322953180430214,46,2009-05-22 15:00:00
2009,5,22,15,1,0.6163438565119485,158,2009-05-22 15:00:00
2009,5,24,1,1,0.6730812471359968,10,2009-05-24 01:00:00
2009,5,24,1,0,-0.5317958369851112,3,2009-05-24 01:00:00
2009,5,25,17,1,0.6763375028967857,2,2009-05-25 17:00:00
2009,5,27,4,0,-0.3842521111946553,48,2009-05-27 04:00:00
2009,5,27,4,1,0.6158531855979057,189,2009-05-27 04:00:00
2009,5,27,5,1,0.647389764495031,223,2009-05-27 05:00:00
2009,5,27,5,0,-0.3993554184728834,49,2009-05-27 05:00:00
2009,5,27,6,1,0.6373613865544405,97,2009-05-27 06:00:00
2009,5,27,6,0,-0.351488593224944,22,2009-05-27 06:00:00
2009,5,27,14,0,-0.37178236967884004,8,2009-05-27 14:00:00
2009,5,27,14,1,0.6174836601396757,35,2009-05-27 14:00:00
2009,5,29,3,0,-0.36190585551473003,18,2009-05-29 03:00:00
2009,5,29,3,1,0.5890956350424815,105,2009-05-29 03:00:00
2009,5,29,4,1,0.6139393138990529,227,2009-05-29 04:00:00
2009,5,29,4,0,-0.3693024276441935,46,2009-05-29 04:00:00
2009,5,29,5,1,0.6277722864480281,226,2009-05-29 05:00:00
2009,5,29,5,0,-0.4153001331485426,39,2009-05-29 05:00:00
2009,5,29,6,0,-0.3998829529098258,41,2009-05-29 06:00:00
2009,5,29,6,1,0.6206403931073318,237,2009-05-29 06:00:00
2009,5,29,7,1,0.6199841081417565,175,2009-05-29 07:00:00
2009,5,29,7,0,-0.33637579993166505,47,2009-05-29 07:00:00
2009,5,29,8,1,0.6286709566268917,73,2009-05-29 08:00:00
2009,5,29,8,0,-0.36231930018402636,19,2009-05-29 08:00:00
2009,5,29,9,1,0.6481152557535097,64,2009-05-29 09:00:00
2009,5,29,9,0,-0.2659562509506941,6,2009-05-29 09:00:00
2009,5,29,14,0,-0.32910989846277516,16,2009-05-29 14:00:00
2009,5,29,14,1,0.5974471306631706,87,2009-05-29 14:00:00
2009,5,29,15,1,0.6141470516305587,109,2009-05-29 15:00:00
2009,5,29,15,0,-0.3675396047553725,44,2009-05-29 15:00:00
2009,5,29,16,1,0.6440504280910124,179,2009-05-29 16:00:00
2009,5,29,16,0,-0.4096897902432829,50,2009-05-29 16:00:00
2009,5,29,17,1,0.634412396942446,201,2009-05-29 17:00:00
2009,5,29,17,0,-0.36245642154521884,42,2009-05-29 17:00:00
2009,5,29,18,1,0.6305861638919894,210,2009-05-29 18:00:00
2009,5,29,18,0,-0.3552761143445969,25,2009-05-29 18:00:00
2009,5,29,19,1,0.6461388386447966,197,2009-05-29 19:00:00
2009,5,29,19,0,-0.35515523019569867,49,2009-05-29 19:00:00
2009,5,29,20,1,0.6236234301567737,164,2009-05-29 20:00:00
2009,5,29,20,0,-0.4203365798076165,29,2009-05-29 20:00:00
2009,5,29,21,1,0.6254264704068493,193,2009-05-29 21:00:00
2009,5,29,21,0,-0.394734346376605,33,2009-05-29 21:00:00
2009,5,29,22,1,0.6298952279577145,165,2009-05-29 22:00:00
2009,5,29,22,0,-0.37622410342050394,36,2009-05-29 22:00:00
2009,5,29,23,0,-0.3176905601662961,37,2009-05-29 23:00:00
2009,5,29,23,1,0.6268894395187018,202,2009-05-29 23:00:00
2009,5,30,0,1,0.6210196907244002,198,2009-05-30 00:00:00
2009,5,30,0,0,-0.3413161953834457,44,2009-05-30 00:00:00
2009,5,30,1,0,-0.4119878667639568,40,2009-05-30 01:00:00
2009,5,30,1,1,0.6125216654682458,226,2009-05-30 01:00:00
2009,5,30,2,1,0.619392340397672,222,2009-05-30 02:00:00
2009,5,30,2,0,-0.3374277728851702,51,2009-05-30 02:00:00
2009,5,30,3,0,-0.33000687864470357,47,2009-05-30 03:00:00
2009,5,30,3,1,0.6427490588645901,238,2009-05-30 03:00:00
2009,5,30,4,0,-0.35493573598620115,33,2009-05-30 04:00:00
2009,5,30,4,1,0.6319369558193584,170,2009-05-30 04:00:00
2009,5,30,5,0,-0.38454566847604627,39,2009-05-30 05:00:00
2009,5,30,5,1,0.6334603876187466,250,2009-05-30 05:00:00
2009,5,30,6,0,-0.4041823316473774,43,2009-05-30 06:00:00
2009,5,30,6,1,0.6428043160507897,190,2009-05-30 06:00:00
2009,5,30,7,0,-0.37308694839333023,29,2009-05-30 07:00:00
2009,5,30,7,1,0.6387604210482095,160,2009-05-30 07:00:00
2009,5,30,8,0,-0.3592556354525531,29,2009-05-30 08:00:00
2009,5,30,8,1,0.6606763055342959,168,2009-05-30 08:00:00
2009,5,30,9,1,0.6544068752175168,193,2009-05-30 09:00:00
2009,5,30,9,0,-0.36982790308027735,41,2009-05-30 09:00:00
2009,5,30,10,0,-0.38889150465999184,29,2009-05-30 10:00:00
2009,5,30,10,1,0.6435191016194101,150,2009-05-30 10:00:00
2009,5,30,11,0,-0.3609745628386736,25,2009-05-30 11:00:00
2009,5,30,11,1,0.6352754488460118,161,2009-05-30 11:00:00
2009,5,30,12,1,0.605908513041245,146,2009-05-30 12:00:00
2009,5,30,12,0,-0.3760866006463766,25,2009-05-30 12:00:00
2009,5,30,13,1,0.6336935714781166,176,2009-05-30 13:00:00
2009,5,30,13,0,-0.3622148858516344,35,2009-05-30 13:00:00
2009,5,30,14,0,-0.35259065499353776,69,2009-05-30 14:00:00
2009,5,30,14,1,0.6418341372529731,190,2009-05-30 14:00:00
2009,5,30,15,1,0.6441393221636857,188,2009-05-30 15:00:00
2009,5,30,15,0,-0.4063377139928679,52,2009-05-30 15:00:00
2009,5,30,16,1,0.6300049931253668,193,2009-05-30 16:00:00
2009,5,30,16,0,-0.4033218002118899,46,2009-05-30 16:00:00
2009,5,30,17,1,0.6267122310920042,173,2009-05-30 17:00:00
2009,5,30,17,0,-0.40534430341550004,38,2009-05-30 17:00:00
2009,5,30,18,1,0.6364127287283641,239,2009-05-30 18:00:00
2009,5,30,18,0,-0.34199371589858524,49,2009-05-30 18:00:00
2009,5,30,19,0,-0.38112171181516413,48,2009-05-30 19:00:00
2009,5,30,19,1,0.6265787885517451,203,2009-05-30 19:00:00
2009,5,30,20,0,-0.396058262601677,46,2009-05-30 20:00:00
2009,5,30,20,1,0.6409609895432368,240,2009-05-30 20:00:00
2009,5,30,21,0,-0.3536209400475922,54,2009-05-30 21:00:00
2009,5,30,21,1,0.6323016807809047,219,2009-05-30 21:00:00
2009,5,30,22,1,0.6320895959226851,235,2009-05-30 22:00:00
2009,5,30,22,0,-0.3552089184522629,42,2009-05-30 22:00:00
2009,5,30,23,1,0.6276615717577094,235,2009-05-30 23:00:00
2009,5,30,23,0,-0.3455500221485272,50,2009-05-30 23:00:00
2009,5,31,0,1,0.6038737054581018,138,2009-05-31 00:00:00
2009,5,31,0,0,-0.3677001698501408,25,2009-05-31 00:00:00
2009,5,31,1,1,0.6200878317254821,153,2009-05-31 01:00:00
2009,5,31,1,0,-0.3706610474942459,27,2009-05-31 01:00:00
2009,5,31,2,1,0.6269719012483785,220,2009-05-31 02:00:00
2009,5,31,2,0,-0.3666034826360967,46,2009-05-31 02:00:00
2009,5,31,3,0,-0.38379148952662945,41,2009-05-31 03:00:00
2009,5,31,3,1,0.6074812011882378,209,2009-05-31 03:00:00
2009,5,31,4,1,0.6203298570272187,277,2009-05-31 04:00:00
2009,5,31,4,0,-0.36880684228148314,50,2009-05-31 04:00:00
2009,5,31,5,0,-0.3530276118119498,52,2009-05-31 05:00:00
2009,5,31,5,1,0.6309189885279379,242,2009-05-31 05:00:00
2009,5,31,6,0,-0.35258589319786743,38,2009-05-31 06:00:00
2009,5,31,6,1,0.6273452031595158,208,2009-05-31 06:00:00
2009,5,31,7,1,0.6346924881058696,190,2009-05-31 07:00:00
2009,5,31,7,0,-0.3305258427893645,38,2009-05-31 07:00:00
2009,5,31,8,0,-0.3407239716160237,37,2009-05-31 08:00:00
2009,5,31,8,1,0.6239039542684809,195,2009-05-31 08:00:00
2009,5,31,9,0,-0.37575502178908604,37,2009-05-31 09:00:00
2009,5,31,9,1,0.6239457681327115,158,2009-05-31 09:00:00
2009,5,31,10,0,-0.348884303549615,36,2009-05-31 10:00:00
2009,5,31,10,1,0.632939694244278,179,2009-05-31 10:00:00
2009,5,31,11,0,-0.3338841992175026,31,2009-05-31 11:00:00
2009,5,31,11,1,0.6231351776960048,188,2009-05-31 11:00:00
2009,5,31,12,0,-0.45304185297572985,24,2009-05-31 12:00:00
2009,5,31,12,1,0.6334291940390625,170,2009-05-31 12:00:00
2009,5,31,13,0,-0.39673303224225626,47,2009-05-31 13:00:00
2009,5,31,13,1,0.6319872126859453,169,2009-05-31 13:00:00
2009,5,31,14,0,-0.3246941632838944,39,2009-05-31 14:00:00
2009,5,31,14,1,0.6522404443972207,151,2009-05-31 14:00:00
2009,5,31,15,1,0.619562493167625,208,2009-05-31 15:00:00
2009,5,31,15,0,-0.3321749285290328,48,2009-05-31 15:00:00
2009,5,31,16,0,-0.41014385966546074,49,2009-05-31 16:00:00
2009,5,31,16,1,0.6233342573613864,211,2009-05-31 16:00:00
2009,5,31,17,1,0.6357050780248495,224,2009-05-31 17:00:00
2009,5,31,17,0,-0.3555237689208047,58,2009-05-31 17:00:00
2009,5,31,18,1,0.6432514201819975,235,2009-05-31 18:00:00
2009,5,31,18,0,-0.40234847321106054,54,2009-05-31 18:00:00
2009,5,31,19,0,-0.3529792760410124,42,2009-05-31 19:00:00
2009,5,31,19,1,0.6345220441191852,229,2009-05-31 19:00:00
2009,5,31,20,0,-0.3460298518650234,35,2009-05-31 20:00:00
2009,5,31,20,1,0.6386429416883753,228,2009-05-31 20:00:00
2009,5,31,21,0,-0.3577018878199755,47,2009-05-31 21:00:00
2009,5,31,21,1,0.625142891828873,200,2009-05-31 21:00:00
2009,5,31,22,0,-0.36132441986352204,50,2009-05-31 22:00:00
2009,5,31,22,1,0.6309056968297027,217,2009-05-31 22:00:00
2009,5,31,23,0,-0.35503448818330147,49,2009-05-31 23:00:00
2009,5,31,23,1,0.6133552954033283,210,2009-05-31 23:00:00
2009,6,1,0,0,-0.3802143824020667,35,2009-06-01 00:00:00
2009,6,1,0,1,0.6274278640202334,212,2009-06-01 00:00:00
2009,6,1,1,1,0.6423852010109626,255,2009-06-01 01:00:00
2009,6,1,1,0,-0.3775705438107252,55,2009-06-01 01:00:00
2009,6,1,2,0,-0.33858180100746127,23,2009-06-01 02:00:00
2009,6,1,2,1,0.6433085905275596,174,2009-06-01 02:00:00
2009,6,1,6,1,0.6170114573402798,196,2009-06-01 06:00:00
2009,6,1,6,0,-0.3642049871024586,31,2009-06-01 06:00:00
2009,6,1,7,1,0.6251342581023122,208,2009-06-01 07:00:00
2009,6,1,7,0,-0.3483745856582128,47,2009-06-01 07:00:00
2009,6,1,8,1,0.6260100309952142,184,2009-06-01 08:00:00
2009,6,1,8,0,-0.38675331378415706,31,2009-06-01 08:00:00
2009,6,1,9,0,-0.43509932626919773,37,2009-06-01 09:00:00
2009,6,1,9,1,0.6419670197019909,184,2009-06-01 09:00:00
2009,6,1,10,1,0.6580056937587059,231,2009-06-01 10:00:00
2009,6,1,10,0,-0.3835429834529153,37,2009-06-01 10:00:00
2009,6,1,11,1,0.6260060397862042,158,2009-06-01 11:00:00
2009,6,1,11,0,-0.38163320000703427,51,2009-06-01 11:00:00
2009,6,1,12,1,0.6259683716343716,168,2009-06-01 12:00:00
2009,6,1,12,0,-0.36921287341130093,51,2009-06-01 12:00:00
2009,6,1,13,1,0.6135533741209656,175,2009-06-01 13:00:00
2009,6,1,13,0,-0.355244918612252,51,2009-06-01 13:00:00
2009,6,1,14,0,-0.45668742427488374,49,2009-06-01 14:00:00
2009,6,1,14,1,0.6210771442668158,210,2009-06-01 14:00:00
2009,6,1,15,0,-0.3864117911406106,61,2009-06-01 15:00:00
2009,6,1,15,1,0.6074394006194935,187,2009-06-01 15:00:00
2009,6,1,16,1,0.6124151907497856,173,2009-06-01 16:00:00
2009,6,1,16,0,-0.35093970053018103,62,2009-06-01 16:00:00
2009,6,1,17,0,-0.38376510110886203,46,2009-06-01 17:00:00
2009,6,1,17,1,0.6070620894369799,172,2009-06-01 17:00:00
2009,6,1,18,1,0.6086716591827104,189,2009-06-01 18:00:00
2009,6,1,18,0,-0.3833374542091042,50,2009-06-01 18:00:00
2009,6,1,19,0,-0.35572762606251573,45,2009-06-01 19:00:00
2009,6,1,19,1,0.6183432940273945,175,2009-06-01 19:00:00
2009,6,1,20,1,0.5813401950208251,170,2009-06-01 20:00:00
2009,6,1,20,0,-0.36323385119787416,50,2009-06-01 20:00:00
2009,6,1,21,1,0.6275939235942554,177,2009-06-01 21:00:00
2009,6,1,21,0,-0.40929925598204137,50,2009-06-01 21:00:00
2009,6,1,22,0,-0.37811910267056964,54,2009-06-01 22:00:00
2009,6,1,22,1,0.6129579937081596,238,2009-06-01 22:00:00
2009,6,1,23,1,0.608429432924216,231,2009-06-01 23:00:00
2009,6,1,23,0,-0.3791024160778357,54,2009-06-01 23:00:00
2009,6,2,0,1,0.6033211264863437,237,2009-06-02 00:00:00
2009,6,2,0,0,-0.38329973699914854,43,2009-06-02 00:00:00
2009,6,2,1,0,-0.4211475882244796,41,2009-06-02 01:00:00
2009,6,2,1,1,0.6223566084346055,203,2009-06-02 01:00:00
2009,6,2,2,1,0.6126893806381283,221,2009-06-02 02:00:00
2009,6,2,2,0,-0.31812766255784986,36,2009-06-02 02:00:00
2009,6,2,3,0,-0.4287682204533037,52,2009-06-02 03:00:00
2009,6,2,3,1,0.6097054563421895,248,2009-06-02 03:00:00
2009,6,2,4,1,0.6201100130995908,238,2009-06-02 04:00:00
2009,6,2,4,0,-0.3832616784060613,39,2009-06-02 04:00:00
2009,6,2,5,1,0.6319413774650864,259,2009-06-02 05:00:00
2009,6,2,5,0,-0.33765451121575163,54,2009-06-02 05:00:00
2009,6,2,6,1,0.614797761904759,229,2009-06-02 06:00:00
2009,6,2,6,0,-0.311558599080387,37,2009-06-02 06:00:00
2009,6,2,7,1,0.6132216690529824,201,2009-06-02 07:00:00
2009,6,2,7,0,-0.385716171343685,37,2009-06-02 07:00:00
2009,6,2,8,1,0.5990922688162589,176,2009-06-02 08:00:00
2009,6,2,8,0,-0.34040689922779077,31,2009-06-02 08:00:00
2009,6,2,9,0,-0.31596401302764815,18,2009-06-02 09:00:00
2009,6,2,9,1,0.6021536045997702,159,2009-06-02 09:00:00
2009,6,2,10,0,-0.3926493270901611,37,2009-06-02 10:00:00
2009,6,2,10,1,0.6357034129864496,149,2009-06-02 10:00:00
2009,6,2,11,0,-0.34686566197446417,49,2009-06-02 11:00:00
2009,6,2,11,1,0.6250110500147387,182,2009-06-02 11:00:00
2009,6,2,12,1,0.6208177677208802,168,2009-06-02 12:00:00
2009,6,2,12,0,-0.3443041591173304,42,2009-06-02 12:00:00
2009,6,2,13,0,-0.3863737680782963,28,2009-06-02 13:00:00
2009,6,2,13,1,0.5959225834230892,142,2009-06-02 13:00:00
2009,6,2,14,0,-0.39892308040747815,33,2009-06-02 14:00:00
2009,6,2,14,1,0.6070076830924096,114,2009-06-02 14:00:00
2009,6,2,15,0,-0.4455539324320853,20,2009-06-02 15:00:00
2009,6,2,15,1,0.6350445309430955,94,2009-06-02 15:00:00
2009,6,2,16,0,-0.34385827131983304,18,2009-06-02 16:00:00
2009,6,2,16,1,0.6133072696881549,62,2009-06-02 16:00:00
2009,6,2,17,0,-0.36470944840632574,19,2009-06-02 17:00:00
2009,6,2,17,1,0.6182607279070431,63,2009-06-02 17:00:00
2009,6,2,18,0,-0.36010203945916147,20,2009-06-02 18:00:00
2009,6,2,18,1,0.6323808119977238,81,2009-06-02 18:00:00
2009,6,2,19,0,-0.36360925241288816,11,2009-06-02 19:00:00
2009,6,2,19,1,0.6586867633056553,68,2009-06-02 19:00:00
2009,6,2,20,0,-0.36065732885617763,28,2009-06-02 20:00:00
2009,6,2,20,1,0.6615252292575667,66,2009-06-02 20:00:00
2009,6,2,21,1,0.6425468828830937,54,2009-06-02 21:00:00
2009,6,2,21,0,-0.36026953396503814,16,2009-06-02 21:00:00
2009,6,2,22,0,-0.360875001642853,6,2009-06-02 22:00:00
2009,6,2,22,1,0.6004809432921724,45,2009-06-02 22:00:00
2009,6,2,23,1,0.6246016682647785,68,2009-06-02 23:00:00
2009,6,2,23,0,-0.31526107591344044,15,2009-06-02 23:00:00
2009,6,3,0,1,0.5765627236449457,44,2009-06-03 00:00:00
2009,6,3,0,0,-0.31424358974282557,13,2009-06-03 00:00:00
2009,6,3,1,1,0.6263296547894405,73,2009-06-03 01:00:00
2009,6,3,1,0,-0.3798184560611844,15,2009-06-03 01:00:00
2009,6,3,2,0,-0.3103576315167759,21,2009-06-03 02:00:00
2009,6,3,2,1,0.6371866588093372,119,2009-06-03 02:00:00
2009,6,3,3,0,-0.2802622543218044,26,2009-06-03 03:00:00
2009,6,3,3,1,0.5958510522150391,128,2009-06-03 03:00:00
2009,6,3,4,0,-0.3427010179835964,44,2009-06-03 04:00:00
2009,6,3,4,1,0.6049159275330603,125,2009-06-03 04:00:00
2009,6,3,5,0,-0.3965197066529928,51,2009-06-03 05:00:00
2009,6,3,5,1,0.6350459899363943,174,2009-06-03 05:00:00
2009,6,3,6,0,-0.41162096990996766,36,2009-06-03 06:00:00
2009,6,3,6,1,0.6446656392284298,173,2009-06-03 06:00:00
2009,6,3,7,1,0.6374367894147249,201,2009-06-03 07:00:00
2009,6,3,7,0,-0.37385521601359156,46,2009-06-03 07:00:00
2009,6,3,8,0,-0.398724869270518,40,2009-06-03 08:00:00
2009,6,3,8,1,0.6314073798483798,163,2009-06-03 08:00:00
2009,6,3,9,1,0.6369354968442411,186,2009-06-03 09:00:00
2009,6,3,9,0,-0.3594676542228886,42,2009-06-03 09:00:00
2009,6,3,10,0,-0.39595226174583886,41,2009-06-03 10:00:00
2009,6,3,10,1,0.6161760767693826,144,2009-06-03 10:00:00
2009,6,3,11,1,0.6080968568356141,171,2009-06-03 11:00:00
2009,6,3,11,0,-0.39942708095380414,42,2009-06-03 11:00:00
2009,6,3,12,0,-0.37794720692852257,51,2009-06-03 12:00:00
2009,6,3,12,1,0.6263301159028009,186,2009-06-03 12:00:00
2009,6,3,13,1,0.5903469037393624,166,2009-06-03 13:00:00
2009,6,3,13,0,-0.3679522623951059,42,2009-06-03 13:00:00
2009,6,3,14,1,0.613844801455822,152,2009-06-03 14:00:00
2009,6,3,14,0,-0.3958854849226083,54,2009-06-03 14:00:00
2009,6,3,15,1,0.6335562501937665,87,2009-06-03 15:00:00
2009,6,3,15,0,-0.357756732398859,26,2009-06-03 15:00:00
2009,6,3,16,0,-0.34260773870240274,24,2009-06-03 16:00:00
2009,6,3,16,1,0.6257382978106515,103,2009-06-03 16:00:00
2009,6,3,17,0,-0.4390397360548377,24,2009-06-03 17:00:00
2009,6,3,17,1,0.6016531220009755,82,2009-06-03 17:00:00
2009,6,4,15,1,0.5925656270880538,26,2009-06-04 15:00:00
2009,6,4,15,0,-0.33073750347830355,6,2009-06-04 15:00:00
2009,6,4,16,1,0.618287400772908,66,2009-06-04 16:00:00
2009,6,4,16,0,-0.3567219935480113,19,2009-06-04 16:00:00
2009,6,4,17,1,0.6240030756154551,39,2009-06-04 17:00:00
2009,6,4,17,0,-0.35358928689467056,7,2009-06-04 17:00:00
2009,6,4,18,1,0.5613036610496541,45,2009-06-04 18:00:00
2009,6,4,18,0,-0.37796590925956314,11,2009-06-04 18:00:00
2009,6,4,19,0,-0.4295908196696213,7,2009-06-04 19:00:00
2009,6,4,19,1,0.6122251997262033,18,2009-06-04 19:00:00
2009,6,4,20,1,0.552345498278737,25,2009-06-04 20:00:00
2009,6,4,20,0,-0.3661821488291025,5,2009-06-04 20:00:00
2009,6,5,5,0,-0.33296498821582643,20,2009-06-05 05:00:00
2009,6,5,5,1,0.6332138100382396,98,2009-06-05 05:00:00
2009,6,5,6,0,-0.41930366568267347,10,2009-06-05 06:00:00
2009,6,5,6,1,0.6475982139615909,46,2009-06-05 06:00:00
2009,6,5,15,0,-0.35157715233175885,28,2009-06-05 15:00:00
2009,6,5,15,1,0.6025073535306609,73,2009-06-05 15:00:00
2009,6,5,16,1,0.6455372422908408,185,2009-06-05 16:00:00
2009,6,5,16,0,-0.38253822708615987,41,2009-06-05 16:00:00
2009,6,5,17,0,-0.3767803201141457,36,2009-06-05 17:00:00
2009,6,5,17,1,0.6404595078763969,174,2009-06-05 17:00:00
2009,6,5,18,0,-0.3745644993539299,31,2009-06-05 18:00:00
2009,6,5,18,1,0.6448497048726755,112,2009-06-05 18:00:00
2009,6,5,19,1,0.6060071229307841,130,2009-06-05 19:00:00
2009,6,5,19,0,-0.35543851976722685,36,2009-06-05 19:00:00
2009,6,5,20,1,0.6063892705383156,163,2009-06-05 20:00:00
2009,6,5,20,0,-0.34583763532444006,27,2009-06-05 20:00:00
2009,6,5,21,0,-0.3916190097806975,40,2009-06-05 21:00:00
2009,6,5,21,1,0.6363372937944645,228,2009-06-05 21:00:00
2009,6,5,22,0,-0.3496469633956981,43,2009-06-05 22:00:00
2009,6,5,22,1,0.6226551596540958,165,2009-06-05 22:00:00
2009,6,5,23,0,-0.3491029242039517,33,2009-06-05 23:00:00
2009,6,5,23,1,0.6355423588062759,230,2009-06-05 23:00:00
2009,6,6,0,1,0.6383280113441288,224,2009-06-06 00:00:00
2009,6,6,0,0,-0.37621903964983566,28,2009-06-06 00:00:00
2009,6,6,1,0,-0.3282893275463721,48,2009-06-06 01:00:00
2009,6,6,1,1,0.6272553671552531,267,2009-06-06 01:00:00
2009,6,6,2,0,-0.34619234338299265,45,2009-06-06 02:00:00
2009,6,6,2,1,0.6192702402444556,250,2009-06-06 02:00:00
2009,6,6,3,1,0.6450969887276491,9,2009-06-06 03:00:00
2009,6,6,3,0,-0.3641437506303191,2,2009-06-06 03:00:00
2009,6,6,4,0,-0.3452284022101334,21,2009-06-06 04:00:00
2009,6,6,4,1,0.6422706966944115,245,2009-06-06 04:00:00
2009,6,6,5,0,-0.34365686217788605,40,2009-06-06 05:00:00
2009,6,6,5,1,0.6346362679482777,278,2009-06-06 05:00:00
2009,6,6,6,0,-0.34937545390756325,43,2009-06-06 06:00:00
2009,6,6,6,1,0.6415081119674881,236,2009-06-06 06:00:00
2009,6,6,7,0,-0.40613652506055165,26,2009-06-06 07:00:00
2009,6,6,7,1,0.6204281332172161,204,2009-06-06 07:00:00
2009,6,6,8,0,-0.40238024579222376,47,2009-06-06 08:00:00
2009,6,6,8,1,0.6392902601635433,200,2009-06-06 08:00:00
2009,6,6,9,0,-0.3527100101672113,25,2009-06-06 09:00:00
2009,6,6,9,1,0.6289147029722053,179,2009-06-06 09:00:00
2009,6,6,10,1,0.6214366059218885,177,2009-06-06 10:00:00
2009,6,6,10,0,-0.3670863210414113,33,2009-06-06 10:00:00
2009,6,6,11,0,-0.3266271615582632,41,2009-06-06 11:00:00
2009,6,6,11,1,0.6227796847540856,161,2009-06-06 11:00:00
2009,6,6,12,1,0.6327241531285899,173,2009-06-06 12:00:00
2009,6,6,12,0,-0.36080415779724717,46,2009-06-06 12:00:00
2009,6,6,13,0,-0.40032685244790256,39,2009-06-06 13:00:00
2009,6,6,13,1,0.6175592343276817,207,2009-06-06 13:00:00
2009,6,6,14,0,-0.3879136152250031,62,2009-06-06 14:00:00
2009,6,6,14,1,0.6218185942304493,190,2009-06-06 14:00:00
2009,6,6,15,0,-0.3485444501016496,45,2009-06-06 15:00:00
2009,6,6,15,1,0.6510128229163655,247,2009-06-06 15:00:00
2009,6,6,16,0,-0.3726298354449682,48,2009-06-06 16:00:00
2009,6,6,16,1,0.6171161215422691,226,2009-06-06 16:00:00
2009,6,6,17,1,0.6126579359102913,138,2009-06-06 17:00:00
2009,6,6,17,0,-0.3594335237467021,32,2009-06-06 17:00:00
2009,6,6,18,1,0.6284137699731535,230,2009-06-06 18:00:00
2009,6,6,18,0,-0.4038312020668484,54,2009-06-06 18:00:00
2009,6,6,19,0,-0.39735037758376224,49,2009-06-06 19:00:00
2009,6,6,19,1,0.6278220876696956,226,2009-06-06 19:00:00
2009,6,6,20,0,-0.39262920246821725,45,2009-06-06 20:00:00
2009,6,6,20,1,0.6145332291089289,192,2009-06-06 20:00:00
2009,6,6,21,1,0.6320283426444243,234,2009-06-06 21:00:00
2009,6,6,21,0,-0.4038164649391547,32,2009-06-06 21:00:00
2009,6,6,22,0,-0.3591348440759248,40,2009-06-06 22:00:00
2009,6,6,22,1,0.6228710961423348,200,2009-06-06 22:00:00
2009,6,6,23,0,-0.4057418895186856,40,2009-06-06 23:00:00
2009,6,6,23,1,0.6454624681026815,226,2009-06-06 23:00:00
2009,6,7,0,0,-0.3727546985231576,63,2009-06-07 00:00:00
2009,6,7,0,1,0.6052938095890836,271,2009-06-07 00:00:00
2009,6,7,1,1,0.6268122586257587,254,2009-06-07 01:00:00
2009,6,7,1,0,-0.3889140474017371,55,2009-06-07 01:00:00
2009,6,7,2,0,-0.3729072795294297,52,2009-06-07 02:00:00
2009,6,7,2,1,0.619444041728663,225,2009-06-07 02:00:00
2009,6,7,3,0,-0.34793563019668844,41,2009-06-07 03:00:00
2009,6,7,3,1,0.6357553657219808,239,2009-06-07 03:00:00
2009,6,7,4,1,0.6428488296554848,291,2009-06-07 04:00:00
2009,6,7,4,0,-0.37433252927968913,44,2009-06-07 04:00:00
2009,6,7,5,1,0.6432834806685465,246,2009-06-07 05:00:00
2009,6,7,5,0,-0.4494871408801134,38,2009-06-07 05:00:00
2009,6,7,6,0,-0.34294197288137385,41,2009-06-07 06:00:00
2009,6,7,6,1,0.6398330429799379,249,2009-06-07 06:00:00
2009,6,7,7,1,0.6324670875640798,220,2009-06-07 07:00:00
2009,6,7,7,0,-0.3633418781135012,34,2009-06-07 07:00:00
2009,6,7,8,0,-0.36377736517072967,30,2009-06-07 08:00:00
2009,6,7,8,1,0.6564907614618055,196,2009-06-07 08:00:00
2009,6,7,9,0,-0.4056805749078868,27,2009-06-07 09:00:00
2009,6,7,9,1,0.6354203132917496,187,2009-06-07 09:00:00
2009,6,7,10,1,0.6112926413846058,201,2009-06-07 10:00:00
2009,6,7,10,0,-0.4081661317118523,47,2009-06-07 10:00:00
2009,6,7,11,0,-0.3612923973040389,42,2009-06-07 11:00:00
2009,6,7,11,1,0.6337967320556614,189,2009-06-07 11:00:00
2009,6,7,12,1,0.6234022388004611,172,2009-06-07 12:00:00
2009,6,7,12,0,-0.3791667810668621,34,2009-06-07 12:00:00
2009,6,7,13,0,-0.40089092252062675,47,2009-06-07 13:00:00
2009,6,7,13,1,0.611777205883603,192,2009-06-07 13:00:00
2009,6,7,14,0,-0.3975697470769445,47,2009-06-07 14:00:00
2009,6,7,14,1,0.6255211203838856,206,2009-06-07 14:00:00
2009,6,7,15,0,-0.40772921870918755,49,2009-06-07 15:00:00
2009,6,7,15,1,0.6337213799708039,211,2009-06-07 15:00:00
2009,6,7,16,0,-0.3795449172951824,48,2009-06-07 16:00:00
2009,6,7,16,1,0.6175428675120076,232,2009-06-07 16:00:00
2009,6,7,17,1,0.6283106583681989,224,2009-06-07 17:00:00
2009,6,7,17,0,-0.4119510354802889,34,2009-06-07 17:00:00
2009,6,7,18,0,-0.3784419684541515,45,2009-06-07 18:00:00
2009,6,7,18,1,0.6460569041160246,210,2009-06-07 18:00:00
2009,6,7,19,1,0.6166717536368418,254,2009-06-07 19:00:00
2009,6,7,19,0,-0.41358894266055096,56,2009-06-07 19:00:00
2009,6,7,20,0,-0.42486722678877414,40,2009-06-07 20:00:00
2009,6,7,20,1,0.6120007471556985,248,2009-06-07 20:00:00
2009,6,7,21,0,-0.37357705823071125,53,2009-06-07 21:00:00
2009,6,7,21,1,0.6222191377533409,245,2009-06-07 21:00:00
2009,6,7,22,0,-0.3233732152655919,47,2009-06-07 22:00:00
2009,6,7,22,1,0.6159625062898185,229,2009-06-07 22:00:00
2009,6,7,23,1,0.6266744919827879,215,2009-06-07 23:00:00
2009,6,7,23,0,-0.3586197029047001,65,2009-06-07 23:00:00
2009,6,8,0,0,-0.40779628147652675,43,2009-06-08 00:00:00
2009,6,8,0,1,0.5968162345780951,230,2009-06-08 00:00:00
2009,6,8,1,1,0.6160854753571878,189,2009-06-08 01:00:00
2009,6,8,1,0,-0.4105949768302392,49,2009-06-08 01:00:00
2009,6,8,2,1,0.6313183442835687,211,2009-06-08 02:00:00
2009,6,8,2,0,-0.39253507494995893,57,2009-06-08 02:00:00
2009,6,8,3,1,0.6212859358601123,249,2009-06-08 03:00:00
2009,6,8,3,0,-0.3832776628341526,50,2009-06-08 03:00:00
2009,6,8,4,1,0.6011530182872629,62,2009-06-08 04:00:00
2009,6,8,4,0,-0.382048754603602,10,2009-06-08 04:00:00
2009,6,14,21,0,-0.3316593752242625,4,2009-06-14 21:00:00
2009,6,14,21,1,0.5790564124293339,26,2009-06-14 21:00:00
2009,6,15,5,1,0.5861016834905901,137,2009-06-15 05:00:00
2009,6,15,5,0,-0.3893866101512685,40,2009-06-15 05:00:00
2009,6,15,6,0,-0.38241683193905784,55,2009-06-15 06:00:00
2009,6,15,6,1,0.6204132830647275,228,2009-06-15 06:00:00
2009,6,15,7,0,-0.38099175884521436,63,2009-06-15 07:00:00
2009,6,15,7,1,0.6415256582139789,230,2009-06-15 07:00:00
2009,6,15,8,0,-0.3737761926852127,47,2009-06-15 08:00:00
2009,6,15,8,1,0.6030690243293065,180,2009-06-15 08:00:00
2009,6,15,9,0,-0.39454514341894537,50,2009-06-15 09:00:00
2009,6,15,9,1,0.6086955268906586,166,2009-06-15 09:00:00
2009,6,15,10,1,0.6031738136990521,156,2009-06-15 10:00:00
2009,6,15,10,0,-0.3883508773210148,45,2009-06-15 10:00:00
2009,6,15,11,0,-0.4015504338645509,63,2009-06-15 11:00:00
2009,6,15,11,1,0.606302721808485,192,2009-06-15 11:00:00
2009,6,15,12,1,0.6214592678056277,188,2009-06-15 12:00:00
2009,6,15,12,0,-0.3581749091465627,62,2009-06-15 12:00:00
2009,6,15,13,1,0.6420070287746352,185,2009-06-15 13:00:00
2009,6,15,13,0,-0.3853963854905617,56,2009-06-15 13:00:00
2009,6,15,14,0,-0.3949177297929834,56,2009-06-15 14:00:00
2009,6,15,14,1,0.6019769192260255,199,2009-06-15 14:00:00
2009,6,15,15,0,-0.4130860332755701,51,2009-06-15 15:00:00
2009,6,15,15,1,0.60163721639684,216,2009-06-15 15:00:00
2009,6,15,16,0,-0.36487488194788786,51,2009-06-15 16:00:00
2009,6,15,16,1,0.6301750757066704,190,2009-06-15 16:00:00
2009,6,15,17,1,0.6348002884853425,181,2009-06-15 17:00:00
2009,6,15,17,0,-0.3869847007786277,58,2009-06-15 17:00:00
2009,6,15,18,1,0.6280987545282447,196,2009-06-15 18:00:00
2009,6,15,18,0,-0.35156338532014114,38,2009-06-15 18:00:00
2009,6,15,19,0,-0.4155128200174026,23,2009-06-15 19:00:00
2009,6,15,19,1,0.627628840804803,159,2009-06-15 19:00:00
2009,6,15,20,0,-0.347543324252554,51,2009-06-15 20:00:00
2009,6,15,20,1,0.6045352408443679,182,2009-06-15 20:00:00
2009,6,15,21,1,0.6287708102304849,155,2009-06-15 21:00:00
2009,6,15,21,0,-0.4212886969072987,46,2009-06-15 21:00:00
2009,6,15,22,0,-0.3584511430177372,40,2009-06-15 22:00:00
2009,6,15,22,1,0.6335333459306979,182,2009-06-15 22:00:00
2009,6,15,23,0,-0.3907250257579505,71,2009-06-15 23:00:00
2009,6,15,23,1,0.6176906682455896,223,2009-06-15 23:00:00
2009,6,16,0,1,0.6319692847697297,240,2009-06-16 00:00:00
2009,6,16,0,0,-0.4032625863328576,49,2009-06-16 00:00:00
2009,6,16,1,0,-0.37979291603704424,57,2009-06-16 01:00:00
2009,6,16,1,1,0.6253347629697399,252,2009-06-16 01:00:00
2009,6,16,2,1,0.6281997210464695,275,2009-06-16 02:00:00
2009,6,16,2,0,-0.37630264300214883,54,2009-06-16 02:00:00
2009,6,16,3,0,-0.4224474168316062,56,2009-06-16 03:00:00
2009,6,16,3,1,0.6239811495350648,248,2009-06-16 03:00:00
2009,6,16,4,1,0.6183845903741269,242,2009-06-16 04:00:00
2009,6,16,4,0,-0.3685194165400211,51,2009-06-16 04:00:00
2009,6,16,5,0,-0.4074646241544765,49,2009-06-16 05:00:00
2009,6,16,5,1,0.6156897822406711,228,2009-06-16 05:00:00
2009,6,16,6,0,-0.33022197405018416,59,2009-06-16 06:00:00
2009,6,16,6,1,0.6104304772157112,203,2009-06-16 06:00:00
2009,6,16,7,1,0.6368146053100823,205,2009-06-16 07:00:00
2009,6,16,7,0,-0.411296868662736,41,2009-06-16 07:00:00
2009,6,16,8,0,-0.36681994338604534,44,2009-06-16 08:00:00
2009,6,16,8,1,0.6179633775487804,153,2009-06-16 08:00:00
2009,6,16,9,1,0.6211749580948178,184,2009-06-16 09:00:00
2009,6,16,9,0,-0.40423739075851745,39,2009-06-16 09:00:00
2009,6,16,10,0,-0.3568619384604972,32,2009-06-16 10:00:00
2009,6,16,10,1,0.647819436882292,155,2009-06-16 10:00:00
2009,6,16,11,1,0.5989949219658008,182,2009-06-16 11:00:00
2009,6,16,11,0,-0.3740551351599962,46,2009-06-16 11:00:00
2009,6,16,12,0,-0.37740305311950473,51,2009-06-16 12:00:00
2009,6,16,12,1,0.6231163518716937,194,2009-06-16 12:00:00
2009,6,16,13,0,-0.40767966986459214,48,2009-06-16 13:00:00
2009,6,16,13,1,0.602226447923939,184,2009-06-16 13:00:00
2009,6,16,14,1,0.6521099181579691,175,2009-06-16 14:00:00
2009,6,16,14,0,-0.38356232107293586,45,2009-06-16 14:00:00
2009,6,16,15,0,-0.39395123486506883,56,2009-06-16 15:00:00
2009,6,16,15,1,0.6205991287715733,140,2009-06-16 15:00:00
2009,6,16,16,0,-0.41259628781560986,42,2009-06-16 16:00:00
2009,6,16,16,1,0.5377834857614754,43,2009-06-16 16:00:00
2009,6,16,17,0,-0.4075951902384593,37,2009-06-16 17:00:00
2009,6,16,17,1,0.486555740849248,35,2009-06-16 17:00:00
2009,6,16,18,1,0.46294567744152093,39,2009-06-16 18:00:00
2009,6,16,18,0,-0.3930214395452487,38,2009-06-16 18:00:00
2009,6,16,19,1,0.5334621603445461,36,2009-06-16 19:00:00
2009,6,16,19,0,-0.3829980887350671,42,2009-06-16 19:00:00
2009,6,16,20,0,-0.3775897878113874,43,2009-06-16 20:00:00
2009,6,16,20,1,0.5022629459111139,47,2009-06-16 20:00:00
2009,6,16,21,1,0.5312830160061518,6,2009-06-16 21:00:00
2009,6,16,21,0,-0.46214125156402586,5,2009-06-16 21:00:00
2009,6,16,22,1,0.5245896527057459,51,2009-06-16 22:00:00
2009,6,16,22,0,-0.43362539804851014,33,2009-06-16 22:00:00
2009,6,16,23,1,0.5339537305737158,46,2009-06-16 23:00:00
2009,6,16,23,0,-0.4004246337723959,46,2009-06-16 23:00:00
2009,6,17,0,0,-0.4192628736345796,48,2009-06-17 00:00:00
2009,6,17,0,1,0.5153406116337282,50,2009-06-17 00:00:00
2009,6,17,1,0,-0.3724551709857201,41,2009-06-17 01:00:00
2009,6,17,1,1,0.5305961670428438,61,2009-06-17 01:00:00
2009,6,17,2,1,0.538596220213272,46,2009-06-17 02:00:00
2009,6,17,2,0,-0.4198985606328481,45,2009-06-17 02:00:00
2009,6,17,3,1,0.4871469765332424,63,2009-06-17 03:00:00
2009,6,17,3,0,-0.3719397795586182,49,2009-06-17 03:00:00
2009,6,17,4,1,0.5371463435495065,45,2009-06-17 04:00:00
2009,6,17,4,0,-0.35613092376152056,40,2009-06-17 04:00:00
2009,6,17,5,1,0.524129876607241,52,2009-06-17 05:00:00
2009,6,17,5,0,-0.39105386762857075,41,2009-06-17 05:00:00
2009,6,17,6,0,-0.43781930468922353,43,2009-06-17 06:00:00
2009,6,17,6,1,0.495775025055657,49,2009-06-17 06:00:00
2009,6,17,7,0,-0.37301510261992615,33,2009-06-17 07:00:00
2009,6,17,7,1,0.5254923034332354,44,2009-06-17 07:00:00
2009,6,17,8,1,0.5149340089560757,31,2009-06-17 08:00:00
2009,6,17,8,0,-0.4017754790994028,45,2009-06-17 08:00:00
2009,6,17,9,0,-0.3705935497888394,31,2009-06-17 09:00:00
2009,6,17,9,1,0.48073535354695085,33,2009-06-17 09:00:00
2009,6,17,10,1,0.5148606716012138,42,2009-06-17 10:00:00
2009,6,17,10,0,-0.41577571404890884,45,2009-06-17 10:00:00
2009,6,17,11,1,0.4924306033135508,32,2009-06-17 11:00:00
2009,6,17,11,0,-0.4097846246440895,40,2009-06-17 11:00:00
2009,6,17,12,1,0.45385297537414415,33,2009-06-17 12:00:00
2009,6,17,12,0,-0.403944606739308,44,2009-06-17 12:00:00
2009,6,17,13,0,-0.3841912455831629,37,2009-06-17 13:00:00
2009,6,17,13,1,0.44881267554856924,44,2009-06-17 13:00:00
2009,6,17,14,0,-0.42104191572236066,55,2009-06-17 14:00:00
2009,6,17,14,1,0.4735982517330823,44,2009-06-17 14:00:00
2009,6,17,15,1,0.5636005746599819,35,2009-06-17 15:00:00
2009,6,17,15,0,-0.4029982124804519,40,2009-06-17 15:00:00
2009,6,17,16,1,0.4674208066958402,35,2009-06-17 16:00:00
2009,6,17,16,0,-0.3992273831932709,29,2009-06-17 16:00:00
2009,6,17,17,0,-0.37819513742779864,29,2009-06-17 17:00:00
2009,6,17,17,1,0.46494229276226284,34,2009-06-17 17:00:00
2009,6,17,18,0,-0.4492685578196593,23,2009-06-17 18:00:00
2009,6,17,18,1,0.5436667838413268,25,2009-06-17 18:00:00
2009,6,17,19,1,0.5676076392681959,30,2009-06-17 19:00:00
2009,6,17,19,0,-0.3848161679006329,19,2009-06-17 19:00:00
2009,6,17,20,1,0.5117828918067971,20,2009-06-17 20:00:00
2009,6,17,20,0,-0.43194875307381153,15,2009-06-17 20:00:00
2009,6,17,21,0,-0.42791198191116564,24,2009-06-17 21:00:00
2009,6,17,21,1,0.597045970602414,37,2009-06-17 21:00:00
2009,6,17,22,1,0.49983111560577526,40,2009-06-17 22:00:00
2009,6,17,22,0,-0.4164711099762756,39,2009-06-17 22:00:00
2009,6,17,23,1,0.5168962775995689,49,2009-06-17 23:00:00
2009,6,17,23,0,-0.3692311897899886,47,2009-06-17 23:00:00
2009,6,18,0,0,-0.3932438744439943,56,2009-06-18 00:00:00
2009,6,18,0,1,0.5208062398713083,45,2009-06-18 00:00:00
2009,6,18,1,0,-0.3988219008112893,46,2009-06-18 01:00:00
2009,6,18,1,1,0.5148895660372959,66,2009-06-18 01:00:00
2009,6,18,2,0,-0.39584096539765595,40,2009-06-18 02:00:00
2009,6,18,2,1,0.4901345694128987,43,2009-06-18 02:00:00
2009,6,18,3,0,-0.39164156246771836,47,2009-06-18 03:00:00
2009,6,18,3,1,0.5578038455029442,55,2009-06-18 03:00:00
2009,6,18,4,1,0.5532179103853802,42,2009-06-18 04:00:00
2009,6,18,4,0,-0.41874043364077806,40,2009-06-18 04:00:00
2009,6,18,5,1,0.4676989179942757,50,2009-06-18 05:00:00
2009,6,18,5,0,-0.40876012059743516,32,2009-06-18 05:00:00
2009,6,18,6,1,0.49967894856865536,49,2009-06-18 06:00:00
2009,6,18,6,0,-0.3512956952326931,48,2009-06-18 06:00:00
2009,6,18,7,1,0.4682501639198402,34,2009-06-18 07:00:00
2009,6,18,7,0,-0.4018383361031546,38,2009-06-18 07:00:00
2009,6,18,10,1,0.5198872766923159,20,2009-06-18 10:00:00
2009,6,18,10,0,-0.41653965949080884,24,2009-06-18 10:00:00
2009,6,18,11,1,0.48618042768600084,30,2009-06-18 11:00:00
2009,6,18,11,0,-0.41584691389564526,37,2009-06-18 11:00:00
2009,6,18,12,1,0.48650287928316616,29,2009-06-18 12:00:00
2009,6,18,12,0,-0.4400378175390263,33,2009-06-18 12:00:00
2009,6,18,13,0,-0.4357976902839403,43,2009-06-18 13:00:00
2009,6,18,13,1,0.43477689539981335,36,2009-06-18 13:00:00
2009,6,18,14,1,0.4882430511753301,37,2009-06-18 14:00:00
2009,6,18,14,0,-0.4182897135189439,41,2009-06-18 14:00:00
2009,6,18,15,0,-0.35935140450019387,40,2009-06-18 15:00:00
2009,6,18,15,1,0.5420713099172443,36,2009-06-18 15:00:00
2009,6,18,16,0,-0.39199409791745427,41,2009-06-18 16:00:00
2009,6,18,16,1,0.45509956942513846,43,2009-06-18 16:00:00
2009,6,18,17,1,0.49524736927622665,35,2009-06-18 17:00:00
2009,6,18,17,0,-0.41154407302681834,39,2009-06-18 17:00:00
2009,6,18,18,0,-0.3777063224357941,48,2009-06-18 18:00:00
2009,6,18,18,1,0.5305432208115235,44,2009-06-18 18:00:00
2009,6,18,19,1,0.46007594274295327,34,2009-06-18 19:00:00
2009,6,18,19,0,-0.39724904894098345,51,2009-06-18 19:00:00
2009,6,18,20,1,0.43997569588116475,45,2009-06-18 20:00:00
2009,6,18,20,0,-0.3932184395493894,41,2009-06-18 20:00:00
2009,6,18,21,1,0.5099895376608603,36,2009-06-18 21:00:00
2009,6,18,21,0,-0.4165329829168816,33,2009-06-18 21:00:00
2009,6,18,22,1,0.5425359343902932,36,2009-06-18 22:00:00
2009,6,18,22,0,-0.366997215208476,46,2009-06-18 22:00:00
2009,6,18,23,0,-0.3872968005016446,41,2009-06-18 23:00:00
2009,6,18,23,1,0.5309777032595039,42,2009-06-18 23:00:00
2009,6,19,0,0,-0.4250180651101151,42,2009-06-19 00:00:00
2009,6,19,0,1,0.5083247159280755,47,2009-06-19 00:00:00
2009,6,19,1,1,0.569205590011552,45,2009-06-19 01:00:00
2009,6,19,1,0,-0.4170280691387868,43,2009-06-19 01:00:00
2009,6,19,2,1,0.5508036820942329,54,2009-06-19 02:00:00
2009,6,19,2,0,-0.4181477450292732,64,2009-06-19 02:00:00
2009,6,19,3,1,0.5294129043319371,43,2009-06-19 03:00:00
2009,6,19,3,0,-0.36953923282004436,49,2009-06-19 03:00:00
2009,6,19,4,1,0.532469148055979,51,2009-06-19 04:00:00
2009,6,19,4,0,-0.355461759311284,34,2009-06-19 04:00:00
2009,6,19,5,0,-0.38640010444556966,51,2009-06-19 05:00:00
2009,6,19,5,1,0.5004859051383022,59,2009-06-19 05:00:00
2009,6,19,6,0,-0.40453960894607005,50,2009-06-19 06:00:00
2009,6,19,6,1,0.5111073839778494,44,2009-06-19 06:00:00
2009,6,19,7,0,-0.37181294487335864,38,2009-06-19 07:00:00
2009,6,19,7,1,0.5090429337296103,35,2009-06-19 07:00:00
2009,6,19,8,0,-0.40170281699392946,20,2009-06-19 08:00:00
2009,6,19,8,1,0.5232715479630444,35,2009-06-19 08:00:00
2009,6,19,9,1,0.4878236515214667,29,2009-06-19 09:00:00
2009,6,19,9,0,-0.4425579591314434,37,2009-06-19 09:00:00
2009,6,19,10,1,0.42822867896578903,49,2009-06-19 10:00:00
2009,6,19,10,0,-0.3883269897455143,36,2009-06-19 10:00:00
2009,6,19,11,0,-0.39060858289171435,33,2009-06-19 11:00:00
2009,6,19,11,1,0.43728011678767337,34,2009-06-19 11:00:00
2009,6,19,12,1,0.5535897494302373,27,2009-06-19 12:00:00
2009,6,19,12,0,-0.35582633687421505,43,2009-06-19 12:00:00
2009,6,19,13,1,0.5166706477248226,48,2009-06-19 13:00:00
2009,6,19,13,0,-0.4599661374331585,35,2009-06-19 13:00:00
2009,6,19,14,0,-0.3360153615474701,20,2009-06-19 14:00:00
2009,6,19,14,1,0.5259843140374869,17,2009-06-19 14:00:00
2009,6,19,15,0,-0.40122488578116255,35,2009-06-19 15:00:00
2009,6,19,15,1,0.5222239962749882,32,2009-06-19 15:00:00
2009,6,19,16,1,0.49188917517772335,38,2009-06-19 16:00:00
2009,6,19,16,0,-0.38260503398487344,24,2009-06-19 16:00:00
2009,6,19,17,1,0.5486933032492137,36,2009-06-19 17:00:00
2009,6,19,17,0,-0.373279949478609,38,2009-06-19 17:00:00
2009,6,19,18,0,-0.4281060736393556,20,2009-06-19 18:00:00
2009,6,19,18,1,0.5640378032694571,32,2009-06-19 18:00:00
2009,6,19,19,1,0.4737026548329076,28,2009-06-19 19:00:00
2009,6,19,19,0,-0.39454068079152527,34,2009-06-19 19:00:00
2009,6,19,20,0,-0.3699616015693473,31,2009-06-19 20:00:00
2009,6,19,20,1,0.5096915289197631,29,2009-06-19 20:00:00
2009,6,19,21,1,0.49369252949100834,53,2009-06-19 21:00:00
2009,6,19,21,0,-0.37697418479947375,40,2009-06-19 21:00:00
2009,6,19,22,0,-0.41203382687971873,17,2009-06-19 22:00:00
2009,6,19,22,1,0.5315558329087005,44,2009-06-19 22:00:00
2009,6,19,23,1,0.5012863031048751,55,2009-06-19 23:00:00
2009,6,19,23,0,-0.42241111296332545,45,2009-06-19 23:00:00
2009,6,20,0,0,-0.4150738578547524,56,2009-06-20 00:00:00
2009,6,20,0,1,0.561596643369686,68,2009-06-20 00:00:00
2009,6,20,1,0,-0.4434242509853314,51,2009-06-20 01:00:00
2009,6,20,1,1,0.5589554523440629,66,2009-06-20 01:00:00
2009,6,20,2,1,0.5607779870731566,49,2009-06-20 02:00:00
2009,6,20,2,0,-0.4194542484306213,45,2009-06-20 02:00:00
2009,6,20,3,1,0.536475091550157,49,2009-06-20 03:00:00
2009,6,20,3,0,-0.37314653905658896,44,2009-06-20 03:00:00
2009,6,20,4,0,-0.35266119082948066,58,2009-06-20 04:00:00
2009,6,20,4,1,0.49798817714521043,45,2009-06-20 04:00:00
2009,6,20,5,0,-0.3703552574842497,43,2009-06-20 05:00:00
2009,6,20,5,1,0.43103751563923615,51,2009-06-20 05:00:00
2009,6,20,6,0,-0.38062622256648654,39,2009-06-20 06:00:00
2009,6,20,6,1,0.5690043486411804,46,2009-06-20 06:00:00
2009,6,20,7,0,-0.4355058052853958,37,2009-06-20 07:00:00
2009,6,20,7,1,0.5496822360467999,38,2009-06-20 07:00:00
2009,6,20,8,0,-0.47477288482089836,27,2009-06-20 08:00:00
2009,6,20,8,1,0.5133025427913349,33,2009-06-20 08:00:00
2009,6,20,9,0,-0.3883115556594488,37,2009-06-20 09:00:00
2009,6,20,9,1,0.5405757778983874,24,2009-06-20 09:00:00
2009,6,20,10,1,0.4640004580373095,34,2009-06-20 10:00:00
2009,6,20,10,0,-0.4169336024286418,29,2009-06-20 10:00:00
2009,6,20,11,0,-0.43847730824340797,31,2009-06-20 11:00:00
2009,6,20,11,1,0.5440440739406959,38,2009-06-20 11:00:00
2009,6,20,12,0,-0.40164900993307434,45,2009-06-20 12:00:00
2009,6,20,12,1,0.47790134920796845,24,2009-06-20 12:00:00
2009,6,20,13,0,-0.3706266347144265,40,2009-06-20 13:00:00
2009,6,20,13,1,0.5251859505602624,40,2009-06-20 13:00:00
2009,6,20,14,0,-0.3748974444774481,39,2009-06-20 14:00:00
2009,6,20,14,1,0.556984540708072,64,2009-06-20 14:00:00
2009,6,20,15,0,-0.43060934429781306,45,2009-06-20 15:00:00
2009,6,20,15,1,0.5829980463768618,39,2009-06-20 15:00:00
2009,6,20,16,0,-0.40960425086733365,54,2009-06-20 16:00:00
2009,6,20,16,1,0.450017413943507,28,2009-06-20 16:00:00
2009,6,20,17,1,0.4734649938278987,36,2009-06-20 17:00:00
2009,6,20,17,0,-0.45537874449620996,42,2009-06-20 17:00:00
2009,6,20,18,1,0.5150387866422534,55,2009-06-20 18:00:00
2009,6,20,18,0,-0.3908485534241966,48,2009-06-20 18:00:00
2009,6,20,19,0,-0.3930887889815922,34,2009-06-20 19:00:00
2009,6,20,19,1,0.47590751859926334,46,2009-06-20 19:00:00
2009,6,20,20,0,-0.40544561844466154,38,2009-06-20 20:00:00
2009,6,20,20,1,0.525425744432907,38,2009-06-20 20:00:00
2009,6,20,21,0,-0.45435295307349105,48,2009-06-20 21:00:00
2009,6,20,21,1,0.5576494829729199,46,2009-06-20 21:00:00
2009,6,20,22,0,-0.36926873223328927,53,2009-06-20 22:00:00
2009,6,20,22,1,0.5263952083696495,64,2009-06-20 22:00:00
2009,6,20,23,0,-0.4358921436515326,30,2009-06-20 23:00:00
2009,6,20,23,1,0.5483211079743087,57,2009-06-20 23:00:00
2009,6,21,0,1,0.4952208721238718,51,2009-06-21 00:00:00
2009,6,21,0,0,-0.4130522980288203,42,2009-06-21 00:00:00
2009,6,21,1,1,0.5135367188203548,35,2009-06-21 01:00:00
2009,6,21,1,0,-0.39441382728587343,53,2009-06-21 01:00:00
2009,6,21,2,1,0.5247095833828842,55,2009-06-21 02:00:00
2009,6,21,2,0,-0.38187572533308073,43,2009-06-21 02:00:00
2009,6,21,3,0,-0.39837880508411067,43,2009-06-21 03:00:00
2009,6,21,3,1,0.4892490476593733,65,2009-06-21 03:00:00
2009,6,21,4,0,-0.36309021305920475,46,2009-06-21 04:00:00
2009,6,21,4,1,0.5331633663621776,61,2009-06-21 04:00:00
2009,6,21,5,0,-0.4060880904488096,44,2009-06-21 05:00:00
2009,6,21,5,1,0.5168586052796124,51,2009-06-21 05:00:00
2009,6,21,6,0,-0.395756473870745,39,2009-06-21 06:00:00
2009,6,21,6,1,0.5375318776629865,50,2009-06-21 06:00:00
2009,6,21,7,1,0.5382187937293961,46,2009-06-21 07:00:00
2009,6,21,7,0,-0.40066834876779467,38,2009-06-21 07:00:00
2009,6,21,8,0,-0.4217427513477477,22,2009-06-21 08:00:00
2009,6,21,8,1,0.5350009390598504,26,2009-06-21 08:00:00
2009,6,21,9,0,-0.42026642949453424,35,2009-06-21 09:00:00
2009,6,21,9,1,0.5180983572887877,33,2009-06-21 09:00:00
2009,6,21,10,0,-0.37958853606194737,31,2009-06-21 10:00:00
2009,6,21,10,1,0.5518810339272022,29,2009-06-21 10:00:00
2009,6,21,11,1,0.5552620708907919,27,2009-06-21 11:00:00
2009,6,21,11,0,-0.43041390774707344,29,2009-06-21 11:00:00
2009,6,21,12,1,0.5157841365111785,36,2009-06-21 12:00:00
2009,6,21,12,0,-0.42338926253529885,30,2009-06-21 12:00:00
2009,6,21,13,0,-0.38808910152874887,38,2009-06-21 13:00:00
2009,6,21,13,1,0.5204002877866775,56,2009-06-21 13:00:00
2009,6,21,14,1,0.49091246600728483,60,2009-06-21 14:00:00
2009,6,21,14,0,-0.35044058372990955,45,2009-06-21 14:00:00
2009,6,21,15,1,0.5787675883988604,57,2009-06-21 15:00:00
2009,6,21,15,0,-0.39140099468332823,34,2009-06-21 15:00:00
2009,6,21,16,0,-0.408769756100244,45,2009-06-21 16:00:00
2009,6,21,16,1,0.624382771118544,50,2009-06-21 16:00:00
2009,6,22,17,0,-0.16725000366568565,1,2009-06-22 17:00:00
2009,6,22,18,1,0.4704426966995622,30,2009-06-22 18:00:00
2009,6,22,18,0,-0.36709611834553274,23,2009-06-22 18:00:00
2009,6,22,19,1,0.5137775051321283,27,2009-06-22 19:00:00
2009,6,22,19,0,-0.3982258576628131,27,2009-06-22 19:00:00
2009,6,22,20,1,0.459180942063245,37,2009-06-22 20:00:00
2009,6,22,20,0,-0.4214497623313218,25,2009-06-22 20:00:00
2009,6,22,21,1,0.5491604923811411,31,2009-06-22 21:00:00
2009,6,22,21,0,-0.4067369574356986,23,2009-06-22 21:00:00
2009,6,22,22,1,0.5348723118772685,41,2009-06-22 22:00:00
2009,6,22,22,0,-0.3966936226087538,33,2009-06-22 22:00:00
2009,6,22,23,1,0.4524445812627352,29,2009-06-22 23:00:00
2009,6,22,23,0,-0.36002128607769673,37,2009-06-22 23:00:00
2009,6,23,0,1,0.5101348137129741,29,2009-06-23 00:00:00
2009,6,23,0,0,-0.38227901011979315,17,2009-06-23 00:00:00
2009,6,23,1,0,-0.394168828735533,23,2009-06-23 01:00:00
2009,6,23,1,1,0.4937282984421865,37,2009-06-23 01:00:00
2009,6,23,2,1,0.4350633032094592,39,2009-06-23 02:00:00
2009,6,23,2,0,-0.4170932460030348,29,2009-06-23 02:00:00
2009,6,23,3,1,0.5084249973297119,3,2009-06-23 03:00:00
2009,6,23,3,0,-0.4873218722641468,4,2009-06-23 03:00:00
2009,6,23,14,0,-0.39962954819202423,18,2009-06-23 14:00:00
2009,6,23,14,1,0.4852770855068229,8,2009-06-23 14:00:00
2009,6,23,15,0,-0.41191358539755596,33,2009-06-23 15:00:00
2009,6,23,15,1,0.5640661583602196,32,2009-06-23 15:00:00
2009,6,23,16,1,0.47313910238906454,29,2009-06-23 16:00:00
2009,6,23,16,0,-0.3711093095286439,33,2009-06-23 16:00:00
2009,6,23,17,1,0.513517380085294,33,2009-06-23 17:00:00
2009,6,23,17,0,-0.39987135537040347,26,2009-06-23 17:00:00
2009,6,23,18,1,0.4693147833625387,28,2009-06-23 18:00:00
2009,6,23,18,0,-0.3680215036909995,29,2009-06-23 18:00:00
2009,6,23,19,1,0.5523859713056654,37,2009-06-23 19:00:00
2009,6,23,19,0,-0.4059587170218898,37,2009-06-23 19:00:00
2009,6,23,20,1,0.5233018200199765,39,2009-06-23 20:00:00
2009,6,23,20,0,-0.4031279242157729,36,2009-06-23 20:00:00
2009,6,23,21,1,0.5071939089463959,29,2009-06-23 21:00:00
2009,6,23,21,0,-0.43035880766808987,25,2009-06-23 21:00:00
2009,6,23,22,1,0.5225067058272543,32,2009-06-23 22:00:00
2009,6,23,22,0,-0.4066457404551329,32,2009-06-23 22:00:00
2009,6,23,23,1,0.5316605291639765,45,2009-06-23 23:00:00
2009,6,23,23,0,-0.40094271258292896,53,2009-06-23 23:00:00
2009,6,24,0,1,0.5231173748679057,37,2009-06-24 00:00:00
2009,6,24,0,0,-0.417165294275037,32,2009-06-24 00:00:00
2009,6,24,1,0,-0.23426250452175737,5,2009-06-24 01:00:00
2009,6,24,1,1,0.5337812509387732,2,2009-06-24 01:00:00
2009,6,24,4,0,-0.5759812518954277,2,2009-06-24 04:00:00
2009,6,24,4,1,0.5719749988056719,3,2009-06-24 04:00:00
2009,6,24,5,0,-0.24682500064373017,5,2009-06-24 05:00:00
2009,6,24,5,1,0.5234627223107964,8,2009-06-24 05:00:00
2009,6,25,3,0,-0.4175281301140785,4,2009-06-25 03:00:00
2009,6,25,4,0,-0.3881471137681633,38,2009-06-25 04:00:00
2009,6,25,4,1,0.47844379476052434,51,2009-06-25 04:00:00
2009,6,25,5,0,-0.414344194015806,41,2009-06-25 05:00:00
2009,6,25,5,1,0.5944094075438395,76,2009-06-25 05:00:00
2009,6,25,6,1,0.5394670264944038,47,2009-06-25 06:00:00
2009,6,25,6,0,-0.41317530389642343,40,2009-06-25 06:00:00
2009,6,25,7,0,-0.40345607082256013,36,2009-06-25 07:00:00
2009,6,25,7,1,0.49069089707716,46,2009-06-25 07:00:00
2009,6,25,8,1,0.5083556319604052,34,2009-06-25 08:00:00
2009,6,25,8,0,-0.41377125451849267,33,2009-06-25 08:00:00
2009,6,25,9,1,0.5026088134528925,26,2009-06-25 09:00:00
2009,6,25,9,0,-0.3893900277713935,27,2009-06-25 09:00:00
2009,6,25,10,0,-0.4096023786929436,30,2009-06-25 10:00:00
2009,6,25,10,1,0.5228496101917699,32,2009-06-25 10:00:00
2009,6,25,11,0,-0.4546033607281667,48,2009-06-25 11:00:00
2009,6,25,11,1,0.5578980318372114,39,2009-06-25 11:00:00
2009,6,25,12,0,-0.36900779342724255,46,2009-06-25 12:00:00
2009,6,25,12,1,0.5183557146529276,31,2009-06-25 12:00:00
2009,6,25,13,0,-0.39014158766450624,35,2009-06-25 13:00:00
2009,6,25,13,1,0.5068044502526349,43,2009-06-25 13:00:00
2009,6,25,14,0,-0.4402606495389981,35,2009-06-25 14:00:00
2009,6,25,14,1,0.5132879625934248,39,2009-06-25 14:00:00
2009,6,25,15,0,-0.4356003609352878,35,2009-06-25 15:00:00
2009,6,25,15,1,0.48611368941055844,32,2009-06-25 15:00:00
2009,6,25,16,0,-0.38671521227806804,30,2009-06-25 16:00:00
2009,6,25,16,1,0.5228835433788065,42,2009-06-25 16:00:00
2009,6,25,17,0,-0.36558080376125873,20,2009-06-25 17:00:00
2009,6,25,17,1,0.5270041656137133,12,2009-06-25 17:00:00
